{
  "mainAssemblyName": "BlazorArcTools",
  "resources": {
    "hash": "sha256-SsxwZSwn6JZTDMXRnmjFvuVO5bNbLpcUEBaDk6sESvA=",
    "fingerprinting": {
      "Microsoft.AspNetCore.Components.gq23rahbum.wasm": "Microsoft.AspNetCore.Components.wasm",
      "Microsoft.AspNetCore.Components.Web.kk052fg825.wasm": "Microsoft.AspNetCore.Components.Web.wasm",
      "Microsoft.AspNetCore.Components.WebAssembly.j2unnqjdzn.wasm": "Microsoft.AspNetCore.Components.WebAssembly.wasm",
      "Microsoft.Extensions.Configuration.7bla0awqck.wasm": "Microsoft.Extensions.Configuration.wasm",
      "Microsoft.Extensions.Configuration.Abstractions.b4mayscjmz.wasm": "Microsoft.Extensions.Configuration.Abstractions.wasm",
      "Microsoft.Extensions.Configuration.Json.z10brrkaln.wasm": "Microsoft.Extensions.Configuration.Json.wasm",
      "Microsoft.Extensions.DependencyInjection.5jidiwxe9r.wasm": "Microsoft.Extensions.DependencyInjection.wasm",
      "Microsoft.Extensions.DependencyInjection.Abstractions.xap7ow6cyr.wasm": "Microsoft.Extensions.DependencyInjection.Abstractions.wasm",
      "Microsoft.Extensions.Logging.jsfnibxl8n.wasm": "Microsoft.Extensions.Logging.wasm",
      "Microsoft.Extensions.Logging.Abstractions.de5zleheax.wasm": "Microsoft.Extensions.Logging.Abstractions.wasm",
      "Microsoft.Extensions.Options.piy7b8ajao.wasm": "Microsoft.Extensions.Options.wasm",
      "Microsoft.Extensions.Primitives.nm03vytz0d.wasm": "Microsoft.Extensions.Primitives.wasm",
      "Microsoft.JSInterop.rxi9vbnbtx.wasm": "Microsoft.JSInterop.wasm",
      "Microsoft.JSInterop.WebAssembly.9tiedlnvko.wasm": "Microsoft.JSInterop.WebAssembly.wasm",
      "System.Collections.Concurrent.8haiovgqe9.wasm": "System.Collections.Concurrent.wasm",
      "System.Collections.Immutable.f4xxu19a20.wasm": "System.Collections.Immutable.wasm",
      "System.Collections.tvb8z1b71z.wasm": "System.Collections.wasm",
      "System.ComponentModel.nu6ttwym4t.wasm": "System.ComponentModel.wasm",
      "System.Console.vw2i6pr3l6.wasm": "System.Console.wasm",
      "System.Diagnostics.DiagnosticSource.qvkwzqyd5w.wasm": "System.Diagnostics.DiagnosticSource.wasm",
      "System.IO.Pipelines.h8s8xglu12.wasm": "System.IO.Pipelines.wasm",
      "System.Linq.hru7niycr7.wasm": "System.Linq.wasm",
      "System.Memory.omc3jiy6sx.wasm": "System.Memory.wasm",
      "System.Net.Http.Json.fe988sbxrg.wasm": "System.Net.Http.Json.wasm",
      "System.Net.Http.1tnqpydhe4.wasm": "System.Net.Http.wasm",
      "System.Net.Primitives.a5ni1yuuab.wasm": "System.Net.Primitives.wasm",
      "System.Private.Uri.lpkkju91tf.wasm": "System.Private.Uri.wasm",
      "System.Runtime.InteropServices.JavaScript.c71hmagzhm.wasm": "System.Runtime.InteropServices.JavaScript.wasm",
      "System.Runtime.4che7n70wu.wasm": "System.Runtime.wasm",
      "System.Text.Encodings.Web.nl0eknekpu.wasm": "System.Text.Encodings.Web.wasm",
      "System.Text.Json.8cs8oer18l.wasm": "System.Text.Json.wasm",
      "System.Text.RegularExpressions.c00qd8lki3.wasm": "System.Text.RegularExpressions.wasm",
      "System.Private.CoreLib.u369djm8hk.wasm": "System.Private.CoreLib.wasm",
      "BlazorArcTools.r42ml3nogb.wasm": "BlazorArcTools.wasm",
      "dotnet.js": "dotnet.js",
      "dotnet.native.l4ptthxatg.js": "dotnet.native.js",
      "dotnet.native.d2w7colv7e.wasm": "dotnet.native.wasm",
      "dotnet.runtime.drv0pr9n5o.js": "dotnet.runtime.js",
      "icudt_CJK.tjcz0u77k5.dat": "icudt_CJK.dat",
      "icudt_EFIGS.tptq2av103.dat": "icudt_EFIGS.dat",
      "icudt_no_CJK.lfu7j35m59.dat": "icudt_no_CJK.dat"
    },
    "jsModuleNative": {
      "dotnet.native.l4ptthxatg.js": "sha256-ddUN4+taa/Qv7Mr8mLpunJO+0Xw3ViOqBvedhe57/hA="
    },
    "jsModuleRuntime": {
      "dotnet.runtime.drv0pr9n5o.js": "sha256-yfXUv1l/B489E8p12JxUvxly0JvHL9CCsoZUDlfGH9c="
    },
    "wasmNative": {
      "dotnet.native.d2w7colv7e.wasm": "sha256-62UC3VfSQyaGpPUm7iSjBYuQ1xD31WdRYY20NQ1K+Vs="
    },
    "icu": {
      "icudt_CJK.tjcz0u77k5.dat": "sha256-SZLtQnRc0JkwqHab0VUVP7T3uBPSeYzxzDnpxPpUnHk=",
      "icudt_EFIGS.tptq2av103.dat": "sha256-8fItetYY8kQ0ww6oxwTLiT3oXlBwHKumbeP2pRF4yTc=",
      "icudt_no_CJK.lfu7j35m59.dat": "sha256-L7sV7NEYP37/Qr2FPCePo5cJqRgTXRwGHuwF5Q+0Nfs="
    },
    "coreAssembly": {
      "System.Runtime.InteropServices.JavaScript.c71hmagzhm.wasm": "sha256-qOHIaPZkWyT97EsYivmXL9/uqa5afqpBlt7USSykiLw=",
      "System.Private.CoreLib.u369djm8hk.wasm": "sha256-KkC8JCBIjdhw8YcGDp92e2IurauC/YjP4uWlnkBxPN8="
    },
    "assembly": {
      "Microsoft.AspNetCore.Components.gq23rahbum.wasm": "sha256-aJz8nk8++cCSW0q7EaBdulYKc7yjna/hpD/q3MkKABk=",
      "Microsoft.AspNetCore.Components.Web.kk052fg825.wasm": "sha256-JHAfQNyqnfxJcWfmXXlqfkws6T9vhgr1zsp9PPe30jU=",
      "Microsoft.AspNetCore.Components.WebAssembly.j2unnqjdzn.wasm": "sha256-+4ZJNcm+SgF06Z1jkH9dWBjW8kbc5BvfGr9RrTF8gw4=",
      "Microsoft.Extensions.Configuration.7bla0awqck.wasm": "sha256-nY19PA4AQWr0F5sZyODE5R7dEiTa6g3iJN4wYJHJBvU=",
      "Microsoft.Extensions.Configuration.Abstractions.b4mayscjmz.wasm": "sha256-e2DefM2ofy8hCFlIqGbqiE8SLq6uALaTSQQg4Ikw0rY=",
      "Microsoft.Extensions.Configuration.Json.z10brrkaln.wasm": "sha256-+SMIf+V2srCCvlx2znvFxgdUZvapXHqrtSJbOHEVULU=",
      "Microsoft.Extensions.DependencyInjection.5jidiwxe9r.wasm": "sha256-EQE54ZxBzjMZzMgXAxDGfn/2jicjE4QOUYNBn+OjeLA=",
      "Microsoft.Extensions.DependencyInjection.Abstractions.xap7ow6cyr.wasm": "sha256-2XN0zkGbzw4zmE6tvl3e25jekiHixt9apZ+kqiIpzkg=",
      "Microsoft.Extensions.Logging.jsfnibxl8n.wasm": "sha256-TaI8Z0lhTLHAsZtOZviXX5BYzpi361K8LvKMta2IeUI=",
      "Microsoft.Extensions.Logging.Abstractions.de5zleheax.wasm": "sha256-6zzCGM/Q5rypeJlYMCOjEC7HyGwKwuxVA+URJFoByVM=",
      "Microsoft.Extensions.Options.piy7b8ajao.wasm": "sha256-f+r7PTfylHKXKffzHOFn5wfyrlyXVPGt+lEqcFVw5D4=",
      "Microsoft.Extensions.Primitives.nm03vytz0d.wasm": "sha256-7/xhRSh2Q6tNGRWLYihfU08bCEBinSiDh/lQAhljQpY=",
      "Microsoft.JSInterop.rxi9vbnbtx.wasm": "sha256-H4MutjFRuh9eKltIxLiXzoov1XYf09ObW1OKn0wlPrQ=",
      "Microsoft.JSInterop.WebAssembly.9tiedlnvko.wasm": "sha256-vScvGCGFOzwoTsy7VKfMU9uuEskXbOdWabIc80iDa9g=",
      "System.Collections.Concurrent.8haiovgqe9.wasm": "sha256-dIb8f5QmusyZ841WDMEt5Mu6wkX2Yl4+3AphdGvkbgg=",
      "System.Collections.Immutable.f4xxu19a20.wasm": "sha256-EUi0YsL7WGu5yoqsiUo+r9p6yjmV+IzmTd2MUt9bUZY=",
      "System.Collections.tvb8z1b71z.wasm": "sha256-KQUoTfTExDtfXo7BI9Opsr27EwHvYGodphIl7p6UlRU=",
      "System.ComponentModel.nu6ttwym4t.wasm": "sha256-EdstTP9IiGWSnfAiUfYQU/+yVLpIFnkDsEhkbUYb1Bk=",
      "System.Console.vw2i6pr3l6.wasm": "sha256-weZwGlJ9+N+E8R+4aPw7xGFBc+P6WaQbTET7nYnE0To=",
      "System.Diagnostics.DiagnosticSource.qvkwzqyd5w.wasm": "sha256-tjx7rrM0P7g1oH1McdlS9ddf+4xJzntSD+u+crpaJ/s=",
      "System.IO.Pipelines.h8s8xglu12.wasm": "sha256-D+5wzMSUkP7Cg7Ev0KgthvrUlrMRjSL8+rbvfrANPMY=",
      "System.Linq.hru7niycr7.wasm": "sha256-g0nbzD0ZExeKZ6gdURIzx7cQ0mxj/ue5X2b4BXZjsQY=",
      "System.Memory.omc3jiy6sx.wasm": "sha256-UIJhdRSVlNDV5/miqv368lR7zItxGs6xrkFsSn7BhMM=",
      "System.Net.Http.Json.fe988sbxrg.wasm": "sha256-l8lDT/CmidoTMCkaj8i7Gg3e35cSCDCkYR4Pn5BWbn0=",
      "System.Net.Http.1tnqpydhe4.wasm": "sha256-BYwBIqvmP6QALmNCfqA3fHXe7TmCJ9H69bSiy9C3cjA=",
      "System.Net.Primitives.a5ni1yuuab.wasm": "sha256-UvGZFAHaA72Yu5tX6VijQpAdonBcLOZV+bc+qlf9eHk=",
      "System.Private.Uri.lpkkju91tf.wasm": "sha256-J1/cJFsXzgzaN9OZICqEP6BNq0h+VxUyghLvA4z+O9g=",
      "System.Runtime.4che7n70wu.wasm": "sha256-ROLjBG47obha5D5WnH0gmUcgmcl/VaKhCSu/8k8nupY=",
      "System.Text.Encodings.Web.nl0eknekpu.wasm": "sha256-iypwrSPOjf9v8DzJtYNwLd+TFFjDTyT0+iHVXzKqR2Q=",
      "System.Text.Json.8cs8oer18l.wasm": "sha256-iL78exO2J4aLHe0oqKJBZAB9sexEo7WONwTD9HzvUM0=",
      "System.Text.RegularExpressions.c00qd8lki3.wasm": "sha256-jB/czUT41OR5guNYp8k7De1k4xGfHYAb2ObZcb51Qhs=",
      "BlazorArcTools.r42ml3nogb.wasm": "sha256-tbp5UB6K+Byoyzdku8Ny3hOANDP8Oy8CBzo/orbRNeI="
    }
  },
  "cacheBootResources": true,
  "debugLevel": 0,
  "linkerEnabled": true,
  "globalizationMode": "sharded",
  "extensions": {
    "blazor": {}
  }
}